ImageID,label,project_split,Subset,Author,Title,AuthorProfileURL,OriginalLandingURL,License,download_url,sha256,modification
ba965d3fd74e1e61,BUKU,train_e1,validation,David Armano,Seven Page Feature of Edelman Digital in Contagious Magazine,https://www.flickr.com/people/7855449@N02/,https://www.flickr.com/photos/7855449@N02/4739695490,https://creativecommons.org/licenses/by/2.0/,https://open-images-dataset.s3.amazonaws.com/validation/ba965d3fd74e1e61.jpg,5afdd766162f3e32ff96cc14dc74423f6633fbe5d8103af3f8099aac161767b7,none
c6890a19df2dcbf3,BUKU,train_e1,test,Boston Public Library,Three tales [Spine and front cover],https://www.flickr.com/people/boston_public_library/,https://www.flickr.com/photos/boston_public_library/2350793246,https://creativecommons.org/licenses/by/2.0/,https://open-images-dataset.s3.amazonaws.com/test/c6890a19df2dcbf3.jpg,223bbe3bc8c60c5c38ffc3957885ba190d891080066018299b318eae5dec33ca,none
ba3f8efc509e7787,BUKU,train_e1,validation,RichardBH,Camping with Sharon,https://www.flickr.com/people/rbh/,https://www.flickr.com/photos/rbh/9644196017,https://creativecommons.org/licenses/by/2.0/,https://open-images-dataset.s3.amazonaws.com/validation/ba3f8efc509e7787.jpg,085d9f859256bc4d285a0dc9ff0e5a7300205fb04216eb0fe1bf532c0f66cb5a,none
ccdec3c8f5990fbf,BUKU,train_e1,test,Seniju,realaxing,https://www.flickr.com/people/seniju/,https://www.flickr.com/photos/seniju/14881750356/in/photostream/,https://creativecommons.org/licenses/by/2.0/,https://open-images-dataset.s3.amazonaws.com/test/ccdec3c8f5990fbf.jpg,2c52cc8dd7b2b801d526689ea01ebe145351dc7f5e893b1ed8927b59ef0a83d0,none
ae960117e356747a,BUKU,train_e1,test,Toshihiro Matsui,physical chemistry,https://www.flickr.com/people/44861631@N02/,https://www.flickr.com/photos/44861631@N02/10836095736,https://creativecommons.org/licenses/by/2.0/,https://open-images-dataset.s3.amazonaws.com/test/ae960117e356747a.jpg,c1c53e691e0c935d7765a2c8c167c7e256d5f0d50544a8d61709c18d3e7da7a0,none
5cbc14f3dcd8327a,BUKU,train_e1,test,Mac Addison,IWMS,https://www.flickr.com/people/126130873@N04/,https://www.flickr.com/photos/126130873@N04/16344687913,https://creativecommons.org/licenses/by/2.0/,https://open-images-dataset.s3.amazonaws.com/test/5cbc14f3dcd8327a.jpg,20337ea03c76f836d612f5dea28e8296470a815e7c53610588e522a7bae6d088,none
d68f85d27f38f4ae,BUKU,train_e1,test,vanderfrog,IMG_0727,https://www.flickr.com/people/vanderworld/,https://www.flickr.com/photos/vanderworld/6299838089,https://creativecommons.org/licenses/by/2.0/,https://open-images-dataset.s3.amazonaws.com/test/d68f85d27f38f4ae.jpg,be3d257771381493cdb44686db2a8b4e6245f0526128ed8846a32cbf5a53150a,none
174921b674eec449,BUKU,train_e1,test,BiblioArchives / LibraryArchives,Way o'dreams / Voie des rêves  [traduction libre],https://www.flickr.com/people/lac-bac/,https://www.flickr.com/photos/lac-bac/8569616160,https://creativecommons.org/licenses/by/2.0/,https://open-images-dataset.s3.amazonaws.com/test/174921b674eec449.jpg,fb3c8d60d2756617e9b957b57800262faa854be453e568eb12db814c28d2065a,none
6d3ea8b701a8d640,BUKU,train_e1,test,Sarah_Ackerman,Amazing Book Collection,https://www.flickr.com/people/sackerman519/,https://www.flickr.com/photos/sackerman519/5659416610,https://creativecommons.org/licenses/by/2.0/,https://open-images-dataset.s3.amazonaws.com/test/6d3ea8b701a8d640.jpg,9dcfaf8dbad897f78acf4d63c583ac728c788602675ace743b5c6c3efcda95a2,none
f0fca30b5d081cf4,BUKU,train_e1,test,Three Peanuts,IMG_4735,https://www.flickr.com/people/3peanuts/,https://www.flickr.com/photos/3peanuts/14266056923,https://creativecommons.org/licenses/by/2.0/,https://open-images-dataset.s3.amazonaws.com/test/f0fca30b5d081cf4.jpg,6cf9e31188332d14f990cddbd069264ace9df9e0d9c5b9656d553ca61961d8df,none
00f1fda298b88865,BUKU,train_e1,test,Family O&#x27;Abé,Engagement Card,https://www.flickr.com/people/oabe/,https://www.flickr.com/photos/oabe/4780458163,https://creativecommons.org/licenses/by/2.0/,https://open-images-dataset.s3.amazonaws.com/test/00f1fda298b88865.jpg,cfb15e96d4cf63dcd4bddf0e7e486eaa15bdc016fe0f39227e166a9535e1d9af,none
7409c167b0ea3ee8,BUKU,train_e1,test,star athena,Pattern writing,https://www.flickr.com/people/starathena/,https://www.flickr.com/photos/starathena/2962357714,https://creativecommons.org/licenses/by/2.0/,https://open-images-dataset.s3.amazonaws.com/test/7409c167b0ea3ee8.jpg,3b3707732c818647b948ec9d9bfb6e463cf6501f6f7abee20b5450285a4b20a7,none
a1300bd90ba889d4,BUKU,train_e1,test,Jason Scott,"Computer Shopper, December 1987",https://www.flickr.com/people/textfiles/,https://www.flickr.com/photos/textfiles/3343713833,https://creativecommons.org/licenses/by/2.0/,https://open-images-dataset.s3.amazonaws.com/test/a1300bd90ba889d4.jpg,0cc6a8c3f82c43bf279f5bc9504ea0aac0747e83ed858a41b7e065fe075a3056,none
ca7eab093b5ae2cc,BUKU,train_e1,validation,Texas State Library and Archives Commission,moremanga,https://www.flickr.com/people/tslac/,https://www.flickr.com/photos/tslac/3863064865,https://creativecommons.org/licenses/by/2.0/,https://open-images-dataset.s3.amazonaws.com/validation/ca7eab093b5ae2cc.jpg,10986988f2907c24f7d32bcbb388eb59276245171f084b98e41d44866fcb4fed,none
d4e436271904ee4d,BUKU,train_e1,test,Alex Erde,Aaapoum Bapoum - 11 - 03262010,https://www.flickr.com/people/alexerde/,https://www.flickr.com/photos/alexerde/4502954678,https://creativecommons.org/licenses/by/2.0/,https://open-images-dataset.s3.amazonaws.com/test/d4e436271904ee4d.jpg,ac0254f0463f85d85f67a886dbd795213cce14d456d5987bf535f0ebd6ad5cb9,none
396a525890209734,BUKU,train_e1,test,earthlightbooks,Natural Building,https://www.flickr.com/people/earthlightbooks/,https://www.flickr.com/photos/earthlightbooks/5414640239,https://creativecommons.org/licenses/by/2.0/,https://open-images-dataset.s3.amazonaws.com/test/396a525890209734.jpg,49d9f6e5f43c1ad8bd0e6fc497a2a8b4c7822cdf8a5b853cabebd790e6b9f32a,none
333452abf04d1b2b,BUKU,train_e1,validation,Marissa Strniste,Love of reading,https://www.flickr.com/people/mstrniste/,https://www.flickr.com/photos/mstrniste/5982892221,https://creativecommons.org/licenses/by/2.0/,https://open-images-dataset.s3.amazonaws.com/validation/333452abf04d1b2b.jpg,9b54db1f97bc78c031652d4ea3a687259d4b4a59cc63aef64f1e214c36e3fd92,none
4d95b874bc7801ef,BUKU,train_e1,test,CHRIS DRUMM,analog 88-09,https://www.flickr.com/people/cdrummbks/,https://www.flickr.com/photos/cdrummbks/4649364541,https://creativecommons.org/licenses/by/2.0/,https://open-images-dataset.s3.amazonaws.com/test/4d95b874bc7801ef.jpg,50927c65e9055c2a745efc2bccd1268d457b4ede9bdc2ba7938cf6bb58a58944,none
07048ea0ca4d5e4f,BUKU,train_e1,test,Melanie Goux,book.001,https://www.flickr.com/people/7575810@N02/,https://www.flickr.com/photos/7575810@N02/3184246134,https://creativecommons.org/licenses/by/2.0/,https://open-images-dataset.s3.amazonaws.com/test/07048ea0ca4d5e4f.jpg,a9a7b7da4a46e560d579173b3d56588d1aed002160c2d6bf63722b4a954b9272,none
c320f6ce63e54c2e,BUKU,train_e1,test,Mr Thinktank,DSCI3380,https://www.flickr.com/people/tahini/,https://www.flickr.com/photos/tahini/7101517385,https://creativecommons.org/licenses/by/2.0/,https://open-images-dataset.s3.amazonaws.com/test/c320f6ce63e54c2e.jpg,5cf161f0f729176e124700d5afae6a10a27a1cf8bdda3528d898aa37e18cce70,none
48dfa3049039bdc3,BUKU,train_e1,test,Shardayyy,18/365 - 10/15/09 [365 Days @ 50mm] - A good photo book to relax with,https://www.flickr.com/people/shardayyy/,https://www.flickr.com/photos/shardayyy/4014645393,https://creativecommons.org/licenses/by/2.0/,https://open-images-dataset.s3.amazonaws.com/test/48dfa3049039bdc3.jpg,eb65ad4a2f9ffcbf599fbc53ae7f0e7bd6dc64be03ea7bea02a1cfaa32bdf45d,none
2788f5a9418ba0e0,BUKU,train_e1,test,alan jones,Finally starting in on SuperFreakonomics - thx @Lebard for the lend!,https://www.flickr.com/people/bigyahu/,https://www.flickr.com/photos/bigyahu/4896641335,https://creativecommons.org/licenses/by/2.0/,https://open-images-dataset.s3.amazonaws.com/test/2788f5a9418ba0e0.jpg,3d848cc660d4aca30a1fabaf9e4f19ba269b082e5c1e46ecd23e628c55c6571d,none
b5392a48e747ee65,BUKU,train_e1,test,Barnard Library Zine Collection,zine assistant Marissa,https://www.flickr.com/people/barnardzinelibrary/,https://www.flickr.com/photos/barnardzinelibrary/1760030874,https://creativecommons.org/licenses/by/2.0/,https://open-images-dataset.s3.amazonaws.com/test/b5392a48e747ee65.jpg,a69ff70fad5b3cc19bbfcc26e014305ade3cf92b1b0efb82497a9e394b765a83,none
c0f90a125ff5ccf3,BUKU,train_e1,test,Martin Burns,Penguin Travel,https://www.flickr.com/people/martinb/,https://www.flickr.com/photos/martinb/2971924328,https://creativecommons.org/licenses/by/2.0/,https://open-images-dataset.s3.amazonaws.com/test/c0f90a125ff5ccf3.jpg,a228e8bb4a49fe1bc96a96413804078024b0c9b36c44db03f65f0b4305f5df12,none
aa8eff0c3ac6046a,BUKU,train_e1,test,OER Africa,Focused Learner,https://www.flickr.com/people/oerafrica/,https://www.flickr.com/photos/oerafrica/7425092562,https://creativecommons.org/licenses/by/2.0/,https://open-images-dataset.s3.amazonaws.com/test/aa8eff0c3ac6046a.jpg,c6a32074383c0c83c6c81445c90f2dcd7fc782268b1604446b06bf2e1a906464,none
c6891474b1432598,BUKU,train_e1,test,USMC Archives,Fighting Leathernecks No. 1 February 1952,https://www.flickr.com/people/usmcarchives/,https://www.flickr.com/photos/usmcarchives/15166034580,https://creativecommons.org/licenses/by/2.0/,https://open-images-dataset.s3.amazonaws.com/test/c6891474b1432598.jpg,8d2234fd013a2c2054c2c73085ab37319dd3426d8bf09b96d92be6ae47595956,none
a13ad60d2ae08729,BUKU,train_e1,test,Alexandre Inagaki,alice-11,https://www.flickr.com/people/pensarenlouquece/,https://www.flickr.com/photos/pensarenlouquece/4545380757,https://creativecommons.org/licenses/by/2.0/,https://open-images-dataset.s3.amazonaws.com/test/a13ad60d2ae08729.jpg,b5d56876f6dc04bf38ec13b9b96d0b19478cfe18df93da006c802350e834be43,none
252c8647aeea6fa5,BUKU,train_e1,test,jjoorrggee,viejo y sabio,https://www.flickr.com/people/yorch-the-mute/,https://www.flickr.com/photos/yorch-the-mute/2606120247,https://creativecommons.org/licenses/by/2.0/,https://open-images-dataset.s3.amazonaws.com/test/252c8647aeea6fa5.jpg,85ffe40d8d0d425fadaefbebe203202a1e84169276f1118d3fc80a02e3694224,none
3728d2782bdad76e,BUKU,train_e1,test,Tapiolan Kirjasto,dsc_0049,https://www.flickr.com/people/tapiolankirjasto/,https://www.flickr.com/photos/tapiolankirjasto/15048712706/,https://creativecommons.org/licenses/by/2.0/,https://open-images-dataset.s3.amazonaws.com/test/3728d2782bdad76e.jpg,48f7ef20747477ca4e6d5265286055fe88b8d14b9751c272289c96190f27ad37,none
e823885c5fe5400a,BUKU,train_e1,validation,Maxime De Ruyck,Photomarathon: selfie,https://www.flickr.com/people/127556345@N02/,https://www.flickr.com/photos/127556345@N02/15421284214,https://creativecommons.org/licenses/by/2.0/,https://open-images-dataset.s3.amazonaws.com/validation/e823885c5fe5400a.jpg,1dfd15ea80caaf91551f9d87acb5580a0cc3571c32e7ff390fe15524ff7701a3,none
529ec6cbc19ae37c,BUKU,train_e1,test,Denise Krebs,Atze,https://www.flickr.com/people/mrsdkrebs/,https://www.flickr.com/photos/mrsdkrebs/7065490807,https://creativecommons.org/licenses/by/2.0/,https://open-images-dataset.s3.amazonaws.com/test/529ec6cbc19ae37c.jpg,4a2e4c84c71fd83a07bd0a23558c6bee0e3f1d628372d47dfea9074217aef1fe,none
c31aac45ea17d3f4,BUKU,train_e1,test,Dinah Sanders,Modern American Drinks by George J. Kappeler (1895) 10,https://www.flickr.com/people/dinah/,https://www.flickr.com/photos/dinah/2155097413,https://creativecommons.org/licenses/by/2.0/,https://open-images-dataset.s3.amazonaws.com/test/c31aac45ea17d3f4.jpg,e21197280b410601d2e867032ff87dc393da67bd162120ba77e2472acdd4198c,none
535acf82fc510572,BUKU,train_e1,test,Mitch Bennett,Katie and Mitch Extras-1845,https://www.flickr.com/people/mitchell3417/,https://www.flickr.com/photos/mitchell3417/3907986727,https://creativecommons.org/licenses/by/2.0/,https://open-images-dataset.s3.amazonaws.com/test/535acf82fc510572.jpg,2adf165f20e570b18336293b133722141eaf0888174115a0502b68233b1eaac1,none
db124081108638ea,BUKU,train_e1,validation,irina slutsky,found this in the free book bin! LOL,https://www.flickr.com/people/irinaslutsky/,https://www.flickr.com/photos/irinaslutsky/2206369960,https://creativecommons.org/licenses/by/2.0/,https://open-images-dataset.s3.amazonaws.com/validation/db124081108638ea.jpg,d3fa8be57617f296a076e531ca7840163a477f5b12d4d3bd2b6c3a8d6a1e616b,none
524bec4688381d06,BUKU,train_e1,test,Marcio Okabe,Slide:ology - A Arte e Ciência para criar apresentações que impressionam,https://www.flickr.com/people/marciookabe/,https://www.flickr.com/photos/marciookabe/10710957174,https://creativecommons.org/licenses/by/2.0/,https://open-images-dataset.s3.amazonaws.com/test/524bec4688381d06.jpg,dbafbd7a0038fba1273418cfa0be01f9e3c2d6783f5f2ff966fa72be7b20d202,none
d0f84f85d45c88ad,BUKU,train_e1,test,Loughborough University Library,HIGHLY COMMENDED - Photo competition entry 2010,https://www.flickr.com/people/loughboroughuniversitylibrary/,https://www.flickr.com/photos/loughboroughuniversitylibrary/4595436778,https://creativecommons.org/licenses/by/2.0/,https://open-images-dataset.s3.amazonaws.com/test/d0f84f85d45c88ad.jpg,c31476edef1cf1376db30666d865882b3f1b9238dba66ae33af05b41c9773dde,none
1cd9ac0169ec7df0,BUKU,train_e1,validation,ignisscripta,Goethes Werke,https://www.flickr.com/people/ignisscripta/,https://www.flickr.com/photos/ignisscripta/2108704925,https://creativecommons.org/licenses/by/2.0/,https://open-images-dataset.s3.amazonaws.com/validation/1cd9ac0169ec7df0.jpg,ec398aa0d7748b704f13a3c27e8ec2a4f31d906c8bf2027bcc136495c0443e9a,none
41bece651eeeb9bc,BUKU,train_e1,validation,Marlon Hammes,Cory Kennedy,https://www.flickr.com/people/hams/,https://www.flickr.com/photos/hams/1849594221,https://creativecommons.org/licenses/by/2.0/,https://open-images-dataset.s3.amazonaws.com/validation/41bece651eeeb9bc.jpg,5721f327240fc39efece4af6341140a12db5a9d324a6f1e5fc9bf1cd91b27211,none
bfe66da6cd62f60d,BUKU,train_e1,test,Elizabeth,Kaitlyn reads a book.,https://www.flickr.com/people/table4five/,https://www.flickr.com/photos/table4five/280088977,https://creativecommons.org/licenses/by/2.0/,https://open-images-dataset.s3.amazonaws.com/test/bfe66da6cd62f60d.jpg,b7876a371c9c178601a9783a8a6c7e5a5a1acb2dedacce9b9d5195b84cf4973c,none
34d24329ff8adfeb,BUKU,train_e1,test,Rosenbach Museum &amp; Library,Rosenbach Eliot Indian Bible 6,https://www.flickr.com/people/rosenbach/,https://www.flickr.com/photos/rosenbach/9686500213,https://creativecommons.org/licenses/by/2.0/,https://open-images-dataset.s3.amazonaws.com/test/34d24329ff8adfeb.jpg,0c854c47e35bb038b3174dd3df34896c67a69635df1af2d1af05789c035429ec,none
3abb138054950f0c,BUKU,train_e1,test,woolennium,my new sd600,https://www.flickr.com/people/woolennium/,https://www.flickr.com/photos/woolennium/310827292,https://creativecommons.org/licenses/by/2.0/,https://open-images-dataset.s3.amazonaws.com/test/3abb138054950f0c.jpg,47ae056f31523b11212789e5ab7b19eab0132b9b24557fe562b3ef84044206aa,none
75b561324eacfb96,BUKU,train_e1,test,MyLifeStory,Gamers?,https://www.flickr.com/people/mylifestory/,https://www.flickr.com/photos/mylifestory/2125382229,https://creativecommons.org/licenses/by/2.0/,https://open-images-dataset.s3.amazonaws.com/test/75b561324eacfb96.jpg,1663906d4afbf090b8f54ef180de00a61db2e5ccdfffbbd91904cb1d5624ee46,none
6e9dcdbee43b0346,BUKU,train_e1,validation,{| h.e.a.t.h.e.r |},Happy mothers day to me! Got myself a little treat!,https://www.flickr.com/people/31403074@N00/,https://www.flickr.com/photos/31403074@N00/3515753460,https://creativecommons.org/licenses/by/2.0/,https://open-images-dataset.s3.amazonaws.com/validation/6e9dcdbee43b0346.jpg,4b4611b4db740d37877b62c2dd9e641b5c04375b962f05fdf03f2ed6c5865367,none
6b3ee8f9ce12c766,BUKU,train_e1,test,thekirbster,DSCN4702,https://www.flickr.com/people/kirbyurner/,https://www.flickr.com/photos/kirbyurner/10141595193,https://creativecommons.org/licenses/by/2.0/,https://open-images-dataset.s3.amazonaws.com/test/6b3ee8f9ce12c766.jpg,6210a097b1825a01061477c5d0cf2d5cfe4610d287eb5b4881e0cebca532cb85,none
9e6dcbec738debb7,BUKU,train_e1,validation,martingreffe,Livres Ouverts,https://www.flickr.com/people/splinter66/,https://www.flickr.com/photos/splinter66/3999757899,https://creativecommons.org/licenses/by/2.0/,https://open-images-dataset.s3.amazonaws.com/validation/9e6dcbec738debb7.jpg,6dbca0e18496ab93f62cb8c7d951f845e82149bbe71bbf74b8c40efa2f18bb37,none
ca42379cb4c7701c,BUKU,train_e1,test,"Thomas Fisher Rare Book Library, UofT",Hyperion: a romance,https://www.flickr.com/people/thomasfisherlibrary/,https://www.flickr.com/photos/thomasfisherlibrary/12523551933,https://creativecommons.org/licenses/by/2.0/,https://open-images-dataset.s3.amazonaws.com/test/ca42379cb4c7701c.jpg,6642df60e4eab266e9d4034113fcc83c3c31404030688b939d1be238bc39190c,none
55d391da105421e9,BUKU,train_e1,validation,A Continuous Lean,Mimi_Fukuyoshi_desk_14,https://www.flickr.com/people/mkwilliams/,https://www.flickr.com/photos/mkwilliams/7172659369,https://creativecommons.org/licenses/by/2.0/,https://open-images-dataset.s3.amazonaws.com/validation/55d391da105421e9.jpg,6be65fef9f083d5040e2c6a84f330feef2d33c124d0ab76444c29cb5c902f9b8,none
0a6b2b1f466501b4,BUKU,train_e1,test,Helsingborgs Konserthus,Noter,https://www.flickr.com/people/konserthuset/,https://www.flickr.com/photos/konserthuset/5621541074,https://creativecommons.org/licenses/by/2.0/,https://open-images-dataset.s3.amazonaws.com/test/0a6b2b1f466501b4.jpg,32263f59cf5bbf4123fe53a5a0c4b227877b7ceca2be4a6cc7fd9909a64f365a,none
64f8d9aa3519ae93,BUKU,train_e1,test,Christian Michael Witternigg,Parzival Meets Modern Architecture,https://www.flickr.com/people/jupiter_farms/,https://www.flickr.com/photos/jupiter_farms/8637807986,https://creativecommons.org/licenses/by/2.0/,https://open-images-dataset.s3.amazonaws.com/test/64f8d9aa3519ae93.jpg,c75b3684fb53044d07c3eb99adffc3d63f570ceb51b40fe893951b92c8bcbdcd,none
4ffd4d6f3d12253b,BUKU,train_e1,test,&#x27; PaiO,"Libro (5 visitas, 0 comentarios) 88",https://www.flickr.com/people/bluefever/,https://www.flickr.com/photos/bluefever/2547557832,https://creativecommons.org/licenses/by/2.0/,https://open-images-dataset.s3.amazonaws.com/test/4ffd4d6f3d12253b.jpg,d7c475b209e6c80bef470b358994ecdc34c1d7837277552aabdc77f986a09cc0,none
78dc9ea17e259573,BUKU,validation,validation,Rafael Nepô,DesNamorados-28,https://www.flickr.com/people/rafaelnepo/,https://www.flickr.com/photos/rafaelnepo/14421389794,https://creativecommons.org/licenses/by/2.0/,https://open-images-dataset.s3.amazonaws.com/validation/78dc9ea17e259573.jpg,8fd2f6e7bab6c181030a939a55c378768b22935859edb10adb09e0a61ae9623a,none
932afd11bcf070e1,BUKU,validation,test,Caleb,Book Cover Texture,https://www.flickr.com/people/27668445@N03/,https://www.flickr.com/photos/27668445@N03/3191987554,https://creativecommons.org/licenses/by/2.0/,https://open-images-dataset.s3.amazonaws.com/test/932afd11bcf070e1.jpg,71df99bc846c7fc25b3c75e4df821678fc6f2b97a066d40d85772870cbe9e33d,none
c80e081e169fd977,BUKU,validation,validation,www.GlynLowe.com,The Library of Congress - Reading Room Books,https://www.flickr.com/people/glynlowe/,https://www.flickr.com/photos/glynlowe/8494252951,https://creativecommons.org/licenses/by/2.0/,https://open-images-dataset.s3.amazonaws.com/validation/c80e081e169fd977.jpg,c13a3082ccfdccfaf2bdd01938ece3e66380f821fd2168e25c29804fcbe59bad,none
c97d7dd6d3b709f7,BUKU,validation,test,ben.gallagher,St John's College Old Library - Books,https://www.flickr.com/people/bengallagher/,https://www.flickr.com/photos/bengallagher/4101516350,https://creativecommons.org/licenses/by/2.0/,https://open-images-dataset.s3.amazonaws.com/test/c97d7dd6d3b709f7.jpg,f92b69bf8e98d65483b0be69d924dea53ecd944aec125fdd1d43b58dd78c027b,none
114ca6daff03c377,BUKU,validation,test,Frédéric BISSON,Tranche de livre restauré,https://www.flickr.com/people/zigazou76/,https://www.flickr.com/photos/zigazou76/15448859945,https://creativecommons.org/licenses/by/2.0/,https://open-images-dataset.s3.amazonaws.com/test/114ca6daff03c377.jpg,b549db7752586056af94fcf90b7d5bdc22a619877f12fc47afd3858340dcb624,none
5140d8ea335918a1,BUKU,validation,test,Cristian Iohan Ştefănescu,#project2013.049 In his own write. John.,https://www.flickr.com/people/icstefanescu/,https://www.flickr.com/photos/icstefanescu/8490619444,https://creativecommons.org/licenses/by/2.0/,https://open-images-dataset.s3.amazonaws.com/test/5140d8ea335918a1.jpg,5ef6250695c290c9440f5b65b1b287c6d99ae665b2b88f09f2dbb6233b64ffae,none
3864175fb095856a,BUKU,validation,test,Dharma Richards,camelboho,https://www.flickr.com/people/53258322@N03/,https://www.flickr.com/photos/53258322@N03/5057839488,https://creativecommons.org/licenses/by/2.0/,https://open-images-dataset.s3.amazonaws.com/test/3864175fb095856a.jpg,e87fb423ff4d18557b9adfa53078091c923e94e302e13ed77dde2724ffb1bb1e,none
a83700700b6d1f0a,BUKU,validation,test,Miltos Gikas,Lucubration,https://www.flickr.com/people/aries_tottle/,https://www.flickr.com/photos/aries_tottle/3880926760,https://creativecommons.org/licenses/by/2.0/,https://open-images-dataset.s3.amazonaws.com/test/a83700700b6d1f0a.jpg,3b22d5984c71082e66290c7077dda8c36db17b8283ca7a5c0129285813bf171c,none
befaf23c9a06d8c0,BUKU,validation,test,Jill,A facsimile edition of one of Wittgenstein's notebooks with an autobiographical bit censored,https://www.flickr.com/people/lij/,https://www.flickr.com/photos/lij/15837202,https://creativecommons.org/licenses/by/2.0/,https://open-images-dataset.s3.amazonaws.com/test/befaf23c9a06d8c0.jpg,f9d630a6c92fec22e5fd3b30067db3c9f3fadf888f2aa4030fd05dc646dd8e1d,none
4b523b5b89444fcf,BUKU,validation,validation,TOKY Branding and Design,TOKY in Alive Jan 07,https://www.flickr.com/people/toky/,https://www.flickr.com/photos/toky/2181038007,https://creativecommons.org/licenses/by/2.0/,https://open-images-dataset.s3.amazonaws.com/validation/4b523b5b89444fcf.jpg,19e9ee7c01ee9d432b77d216eb2e5ba5860d98c9141c13d277b9bd3bc77eb20d,none
8efde3a48a2cc706,BUKU,test,test,Surian Soosay,"1 more: I worked at an animation company once; the floor above us had comic book creators. Frank Quitely gave me these graphic novels and signed them (colourist Jamie Grant signed them too) ... I’ve met some really talented people, anyway back to studying",https://www.flickr.com/people/ssoosay/,https://www.flickr.com/photos/ssoosay/17172656999,https://creativecommons.org/licenses/by/2.0/,https://open-images-dataset.s3.amazonaws.com/test/8efde3a48a2cc706.jpg,c6db3b8eaacb0a3cdaea335649037fe88529d533902bcf4e964391b3fffa2b88,none
ecaad1cc53b84cf7,BUKU,test,test,aπ,"So many books, so little time.",https://www.flickr.com/people/areons/,https://www.flickr.com/photos/areons/9559940322,https://creativecommons.org/licenses/by/2.0/,https://open-images-dataset.s3.amazonaws.com/test/ecaad1cc53b84cf7.jpg,959c0b03ece9c4c41b2a850eac3aac27d727baedbc51153cdb78a100f221c85a,none
c2562b46badf8f24,BUKU,test,test,MIke Kline,Off Center Arts Collagraph Template,https://www.flickr.com/people/mikekline/,https://www.flickr.com/photos/mikekline/2270843189,https://creativecommons.org/licenses/by/2.0/,https://open-images-dataset.s3.amazonaws.com/test/c2562b46badf8f24.jpg,3d14b5106654a3d9d15c84600b03b11f3495a94b6f4011613c54fb9f7bff55af,none
6ebe87d8f8f77d72,BUKU,test,test,Doctor Who Spoilers,DOTD BTS 07,https://www.flickr.com/people/doctorwhospoilers/,https://www.flickr.com/photos/doctorwhospoilers/10367439825,https://creativecommons.org/licenses/by/2.0/,https://open-images-dataset.s3.amazonaws.com/test/6ebe87d8f8f77d72.jpg,c6d8922cdd405f262d9d4560e369df17ebd6c061c9b59ba1f3ab78f7585ba496,none
01880029d632730e,BUKU,test,test,Colby Sharp,Mr. Schu Reading Babymouse,https://www.flickr.com/people/61421932@N08/,https://www.flickr.com/photos/61421932@N08/7208853162,https://creativecommons.org/licenses/by/2.0/,https://open-images-dataset.s3.amazonaws.com/test/01880029d632730e.jpg,27ea1c5cf22984f8f081e26d3b84f80527c9a943181f3b30b3b95cbe411a2e67,none
07be078a07dda759,BUKU,test,test,Baltimore County Public Library,BCPL Sneaks Day 2014,https://www.flickr.com/people/bcplphoto/,https://www.flickr.com/photos/bcplphoto/14350843481,https://creativecommons.org/licenses/by/2.0/,https://open-images-dataset.s3.amazonaws.com/test/07be078a07dda759.jpg,ec016c627160c1051e74bc9ca19e02b573595b4c516393945951d8eb4f63be66,none
33040e3951cc688c,BUKU,test,test,Sofrone Malin,Romanian Townhalls Catalog no3,https://www.flickr.com/people/malin-sofrone/,https://www.flickr.com/photos/malin-sofrone/8674334907,https://creativecommons.org/licenses/by/2.0/,https://open-images-dataset.s3.amazonaws.com/test/33040e3951cc688c.jpg,ef2ec648b5264e93cadc4f734f90167c9fed3c7dcbbe1f7df34906ee43133b49,none
7a1a3c57093f0653,BUKU,test,test,Simbe90,The Lost Symbol,https://www.flickr.com/people/simbe/,https://www.flickr.com/photos/simbe/3953175645,https://creativecommons.org/licenses/by/2.0/,https://open-images-dataset.s3.amazonaws.com/test/7a1a3c57093f0653.jpg,276e4f4d111dc63262654221bc724637d9b947ad209891f382b0ea9e3bbc5e4a,none
3d8db9dac3e542d3,BUKU,test,test,Yellow,書,https://www.flickr.com/people/sizumaru/,https://www.flickr.com/photos/sizumaru/4893909573,https://creativecommons.org/licenses/by/2.0/,https://open-images-dataset.s3.amazonaws.com/test/3d8db9dac3e542d3.jpg,a8261796c7d19528dd64c0274a174232094c04278b84ea728c9f53fd7fbfba2a,none
8fe741ac69822723,BUKU,test,test,Alan Farhadi,The prince + Cuban cigarette,https://www.flickr.com/people/24326549@N04/,https://www.flickr.com/photos/24326549@N04/17841015813,https://creativecommons.org/licenses/by/2.0/,https://open-images-dataset.s3.amazonaws.com/test/8fe741ac69822723.jpg,2207f4075a17b68bec8c339e7f835f72f5311d0b1bbb6baf860b58c8479b0bdd,none
5e38eaa878a0d4f1,BOTOL,train_e1,test,Easa Shamih,CK Ice,https://www.flickr.com/people/eeko/,https://www.flickr.com/photos/eeko/3792019360,https://creativecommons.org/licenses/by/2.0/,https://open-images-dataset.s3.amazonaws.com/test/5e38eaa878a0d4f1.jpg,3e2d936f67b4bdea19a6700f5093db7ad64eed9b17863e7f7a763af445efec9f,none
b73597a889663f1c,BOTOL,train_e1,validation,Nacho,Fuentevera,https://www.flickr.com/people/gonmi/,https://www.flickr.com/photos/gonmi/8440550747/,https://creativecommons.org/licenses/by/2.0/,https://open-images-dataset.s3.amazonaws.com/validation/b73597a889663f1c.jpg,c0c551d0ef7d3f5f6d3a4fff8d8d932f3663c96da056bad9d14fe694925a1b79,none
2c126d65112fb6ca,BOTOL,train_e1,test,Col Ford and Natasha de Vere,Wolffia arrhiza,https://www.flickr.com/people/col_and_tasha/,https://www.flickr.com/photos/col_and_tasha/6652724289,https://creativecommons.org/licenses/by/2.0/,https://open-images-dataset.s3.amazonaws.com/test/2c126d65112fb6ca.jpg,65afd66a396a37d86132e9837b32dc156d01e1938e61963664b4c228a55bd532,none
69ebf1893ec9592b,BOTOL,train_e1,test,Steve Ganz,Le Freak Ale,https://www.flickr.com/people/steveganz/,https://www.flickr.com/photos/steveganz/4361401054,https://creativecommons.org/licenses/by/2.0/,https://open-images-dataset.s3.amazonaws.com/test/69ebf1893ec9592b.jpg,8f4686d84999ea2ffdece0afd44a72dd18085e9d4a6706d37d3c36e507994817,none
679d55687eb67ec6,BOTOL,train_e1,test,Petri Kekkonen,Spiritus,https://www.flickr.com/people/pk2/,https://www.flickr.com/photos/pk2/9342864999,https://creativecommons.org/licenses/by/2.0/,https://open-images-dataset.s3.amazonaws.com/test/679d55687eb67ec6.jpg,6f243bdeb0c9679ee5d15c20be0f2c9c90b2744219cc992d586f2d50de5b8bd5,none
4ce448635c113f11,BOTOL,train_e1,validation,Graham Hellewell,Untitled,https://www.flickr.com/people/grahambones/,https://www.flickr.com/photos/grahambones/3283887378,https://creativecommons.org/licenses/by/2.0/,https://open-images-dataset.s3.amazonaws.com/validation/4ce448635c113f11.jpg,3a3c17361022fd57290f99aff1f7f7b0ab6016540dfc86058aab6db88a10371e,none
4ff79076428f2f9d,BOTOL,train_e1,test,The Brandery,Amaya Arzuaga - BOTELLA 200ML COCA-COLA LIGHT,https://www.flickr.com/people/thebrandery/,https://www.flickr.com/photos/thebrandery/5375175715,https://creativecommons.org/licenses/by/2.0/,https://open-images-dataset.s3.amazonaws.com/test/4ff79076428f2f9d.jpg,f9bde251e953dfa2c821daf09db8e85cf353e8bf8c4215cbe60eb308ef18226f,none
004a9745418ba5a6,BOTOL,train_e1,test,Jason White,Crown Royal Maple,https://www.flickr.com/people/jasonwhite/,https://www.flickr.com/photos/jasonwhite/8372343630,https://creativecommons.org/licenses/by/2.0/,https://open-images-dataset.s3.amazonaws.com/test/004a9745418ba5a6.jpg,efc42bb3262048b5666d4b5254cb77765b83c788f7226ab0899743d7f920a173,none
704df7f8d1059b57,BOTOL,train_e1,test,H. Michael Karshis,Redbone Cavern Club Reserve,https://www.flickr.com/people/hmk/,https://www.flickr.com/photos/hmk/4150162273,https://creativecommons.org/licenses/by/2.0/,https://open-images-dataset.s3.amazonaws.com/test/704df7f8d1059b57.jpg,51d6074429fb802e065bd283843380bb7d89efb8044a8cabc62d20dc4f36abe8,none
03abc39ad2c14097,BOTOL,train_e1,validation,SuSanA Secretariat,Wastewater samples before and after treatment in a VFB,https://www.flickr.com/people/gtzecosan/,https://www.flickr.com/photos/gtzecosan/5546714555,https://creativecommons.org/licenses/by/2.0/,https://open-images-dataset.s3.amazonaws.com/validation/03abc39ad2c14097.jpg,5415c4f4b3519b38110cc42398ebaa262c7b904933f26aa2355e59c7e17ded7b,none
a9e9ac505c51abef,BOTOL,train_e1,validation,Powell Burns,"I'm at #SipBar in Clinton Hill, Brooklyn sipping P Diddy's new tequila #Deleon. I'm a #Petron Silver fan who has switched. #tequila #seancombs #pdiddy #booze",https://www.flickr.com/people/powellburns/,https://www.flickr.com/photos/powellburns/16109031073,https://creativecommons.org/licenses/by/2.0/,https://open-images-dataset.s3.amazonaws.com/validation/a9e9ac505c51abef.jpg,9428dbb2d0abacaa05217e5c84a4543cd4406c884ed219e031016afca038518e,none
f32c09e16027b9be,BOTOL,train_e1,validation,J.H. Fearless,P1000285,https://www.flickr.com/people/jessicareeder/,https://www.flickr.com/photos/jessicareeder/5448119843,https://creativecommons.org/licenses/by/2.0/,https://open-images-dataset.s3.amazonaws.com/validation/f32c09e16027b9be.jpg,61337bdea342d99669390dfe7f03cb24d43f57a9ef4c150ccdec424c5d1febe3,none
702e4c422cb95e77,BOTOL,train_e1,test,jimd2007,Scent bottle 98,https://www.flickr.com/people/7738503@N05/,https://www.flickr.com/photos/7738503@N05/2347877750,https://creativecommons.org/licenses/by/2.0/,https://open-images-dataset.s3.amazonaws.com/test/702e4c422cb95e77.jpg,564b3efea923ab68267579fc1e72a654f54827aa834696281ddfa47a9b8dba22,none
1e667172abb25fc4,BOTOL,train_e1,test,Simon Doggett,1979 Bolly,https://www.flickr.com/people/simondee/,https://www.flickr.com/photos/simondee/3620034318,https://creativecommons.org/licenses/by/2.0/,https://open-images-dataset.s3.amazonaws.com/test/1e667172abb25fc4.jpg,b811377ada9b80671ed3204e9ffa88ad967147436c15b0920f0d043ed9989826,none
1cbdc945d69244da,BOTOL,train_e1,test,Bernt Rostad,Cantillon Zwanze 2010,https://www.flickr.com/people/brostad/,https://www.flickr.com/photos/brostad/5804834580,https://creativecommons.org/licenses/by/2.0/,https://open-images-dataset.s3.amazonaws.com/test/1cbdc945d69244da.jpg,16a69481cd875ab6b06bcfd1510206b512cef4bf5832fb7ffb348268e64bb57a,none
b833b17ab9d8d6e1,BOTOL,train_e1,test,DanaK~WaterPenny,Apple Cider!,https://www.flickr.com/people/dana-k/,https://www.flickr.com/photos/dana-k/6162489799,https://creativecommons.org/licenses/by/2.0/,https://open-images-dataset.s3.amazonaws.com/test/b833b17ab9d8d6e1.jpg,21bc6529c4bc6b7d744008292e093baecdd1658d3ac41b922365028121531056,none
d2cfcaf3c72468f3,BOTOL,train_e1,test,Fire_Eyes,Evian... mmm... Naive ;) live young,https://www.flickr.com/people/fire_eyes/,https://www.flickr.com/photos/fire_eyes/17265547760,https://creativecommons.org/licenses/by/2.0/,https://open-images-dataset.s3.amazonaws.com/test/d2cfcaf3c72468f3.jpg,bcf55c37c73eadf8fd7aff6bfc617bf0b50a5df1f7898bf0f1271972d770badf,none
49e6a10cc09950c8,BOTOL,train_e1,validation,pyntofmyld,Volvic ad shot,https://www.flickr.com/people/pyntofmyld/,https://www.flickr.com/photos/pyntofmyld/213297601,https://creativecommons.org/licenses/by/2.0/,https://open-images-dataset.s3.amazonaws.com/validation/49e6a10cc09950c8.jpg,f58a2f64f74cd3205a8182aa47780a441955d715afce91484849794a1c573e04,none
fd3aeb9c1b60c709,BOTOL,train_e1,test,alisdair,Pocari Sweat,https://www.flickr.com/people/alisdair/,https://www.flickr.com/photos/alisdair/2850506332,https://creativecommons.org/licenses/by/2.0/,https://open-images-dataset.s3.amazonaws.com/test/fd3aeb9c1b60c709.jpg,048dd0320c3da48d121b47262870b1925174447998de4af9800d1e6dc392aa02,none
2b0d24e40261ed1a,BOTOL,train_e1,validation,Travis Wise,Oil and Vinegar,https://www.flickr.com/people/photographingtravis/,https://www.flickr.com/photos/photographingtravis/15682423387,https://creativecommons.org/licenses/by/2.0/,https://open-images-dataset.s3.amazonaws.com/validation/2b0d24e40261ed1a.jpg,93dbd29b5048c79e92cf363c82c7df768f1c0ca02bfb6dd3bbe763e321115418,none
e8bbdb6c2ec88826,BOTOL,train_e1,test,Almas Baig,Blue,https://www.flickr.com/people/photobyalmas/,https://www.flickr.com/photos/photobyalmas/7067377683,https://creativecommons.org/licenses/by/2.0/,https://open-images-dataset.s3.amazonaws.com/test/e8bbdb6c2ec88826.jpg,431e363a96d33008bbc585c6c556d15800c9dc33128a5b226302c925e9ab81c9,none
fe771761597be821,BOTOL,train_e1,test,Matt Paish,Feature work for Zen Magazine,https://www.flickr.com/people/mattpaish/,https://www.flickr.com/photos/mattpaish/6001435736,https://creativecommons.org/licenses/by/2.0/,https://open-images-dataset.s3.amazonaws.com/test/fe771761597be821.jpg,01236529d4070baf6a0f84c28fb0082621544d722f1d9bb92e9011e0b447a90c,none
b56650b919a714cc,BOTOL,train_e1,validation,dailylifeofmojo,Crystal Skull Vodka,https://www.flickr.com/people/dailylifeofmojo/,https://www.flickr.com/photos/dailylifeofmojo/3132268117,https://creativecommons.org/licenses/by/2.0/,https://open-images-dataset.s3.amazonaws.com/validation/b56650b919a714cc.jpg,1e17d79fe3a022db0eadfa2c594ce9a4a6ea2973b6036b39b758b8a834e098be,none
9bd3e32a2337f9bc,BOTOL,train_e1,validation,Feeling My Age,#idiot #snail #milkbottle thinks: &quot;hmm... I'll just clamber in here for a nice snooze&quot;,https://www.flickr.com/people/feelingmyage/,https://www.flickr.com/photos/feelingmyage/14956869955,https://creativecommons.org/licenses/by/2.0/,https://open-images-dataset.s3.amazonaws.com/validation/9bd3e32a2337f9bc.jpg,3aa7dd268de906d79bb21050f5212686147ea4dc9d41f6113a055288ea3c72e7,none
1669e43ee806f539,BOTOL,train_e1,validation,Marcos André,Dove,https://www.flickr.com/people/marcodede/,https://www.flickr.com/photos/marcodede/151996124,https://creativecommons.org/licenses/by/2.0/,https://open-images-dataset.s3.amazonaws.com/validation/1669e43ee806f539.jpg,e878a6661d93476539f1bee4ee93c23ceb4e832346fd87ec18530976df5e1b79,none
43ff290d16eca98c,BOTOL,train_e1,test,Ian Hughes,Tequila,https://www.flickr.com/people/epredator/,https://www.flickr.com/photos/epredator/3938511162/,https://creativecommons.org/licenses/by/2.0/,https://open-images-dataset.s3.amazonaws.com/test/43ff290d16eca98c.jpg,9555f7fb784a80950f25b22c5c9e4b64e183867fe377725db1ec9e5db1a09964,none
2b3283f660aa5cb7,BOTOL,train_e1,test,m01229,Crystal Blue Waters Splash,https://www.flickr.com/people/39908901@N06/,https://www.flickr.com/photos/39908901@N06/6881925330,https://creativecommons.org/licenses/by/2.0/,https://open-images-dataset.s3.amazonaws.com/test/2b3283f660aa5cb7.jpg,3623f65c443c8266870a46ed2eaacf8df8e165fe61e1072ebf43b06068c6c8b5,none
b432764311041842,BOTOL,train_e1,test,Chris Cecil,bottle and lid,https://www.flickr.com/people/68272764@N05/,https://www.flickr.com/photos/68272764@N05/8705334049,https://creativecommons.org/licenses/by/2.0/,https://open-images-dataset.s3.amazonaws.com/test/b432764311041842.jpg,97a8dbb938c9477725ec7b6cdab97a6230ab9fc3bdbb0a205968f2cbc7ce905d,none
b5bbb96eefd779eb,BOTOL,train_e1,validation,Roy Luck,Czech lager at the Old Prague Restaurant,https://www.flickr.com/people/royluck/,https://www.flickr.com/photos/royluck/9429993515,https://creativecommons.org/licenses/by/2.0/,https://open-images-dataset.s3.amazonaws.com/validation/b5bbb96eefd779eb.jpg,c34fc18afee1b1966b438eed6264acad23cf7f416041d5bada25cdd6a5e391cf,none
e7ff04aefb2cc102,BOTOL,train_e1,validation,thedabblist,Homemade Mouthwash,https://www.flickr.com/people/64636759@N07/,https://www.flickr.com/photos/64636759@N07/8511157913,https://creativecommons.org/licenses/by/2.0/,https://open-images-dataset.s3.amazonaws.com/validation/e7ff04aefb2cc102.jpg,a6f8731a4f5d376ddff7bb4cdf5ba845af6ced49d8a79c7b954c15c24eb97f36,none
5989fb934598c1a7,BOTOL,train_e1,test,Glenn Dettwiler,I Dream of Jennie...,https://www.flickr.com/people/swisschef/,https://www.flickr.com/photos/swisschef/8552888087,https://creativecommons.org/licenses/by/2.0/,https://open-images-dataset.s3.amazonaws.com/test/5989fb934598c1a7.jpg,7d4763e255a05addd77a55c7c6357f0ef3c7244449ea9beaee1a8ca57fd18a47,none
216b55d42645d011,BOTOL,train_e1,test,Joe Hall,freakin' off-brand sriracha in NJ...,https://www.flickr.com/people/joebeone/,https://www.flickr.com/photos/joebeone/3717142316,https://creativecommons.org/licenses/by/2.0/,https://open-images-dataset.s3.amazonaws.com/test/216b55d42645d011.jpg,23076736873c4e9818bbc623678b09f669203b5e22a144cbdaf6e7bb365782f0,none
3acdacdb1f058707,BOTOL,train_e1,test,C@RiTo1,Aguardiente,https://www.flickr.com/people/krito1/,https://www.flickr.com/photos/krito1/5799004254,https://creativecommons.org/licenses/by/2.0/,https://open-images-dataset.s3.amazonaws.com/test/3acdacdb1f058707.jpg,70ea7b639d7b7eca74eb1ee760ea7e38f77dfed857ce9c1347f8cbd2f241e8f3,none
1c1cd205b908bf5c,BOTOL,train_e1,test,er Guiri,Fanta Pera,https://www.flickr.com/people/sermarr/,https://www.flickr.com/photos/sermarr/14052529427,https://creativecommons.org/licenses/by/2.0/,https://open-images-dataset.s3.amazonaws.com/test/1c1cd205b908bf5c.jpg,7023ad032fa9617a9db3348d46932e3c566963b8e095ba398ce99189b749a60e,none
16407cf2533cf584,BOTOL,train_e1,validation,Andy Nguyen,cK,https://www.flickr.com/people/bigburpsx3/,https://www.flickr.com/photos/bigburpsx3/4348296854,https://creativecommons.org/licenses/by/2.0/,https://open-images-dataset.s3.amazonaws.com/validation/16407cf2533cf584.jpg,569396900a0b3ca646d81387745f76745f91bb1f8e9db8323e8d54417ee54e7f,none
e6319f1376778a54,BOTOL,train_e1,test,Guerretto,Licor de cobra mordiendo escorpión. Badass como él solo.,https://www.flickr.com/people/guerretto/,https://www.flickr.com/photos/guerretto/14720586899,https://creativecommons.org/licenses/by/2.0/,https://open-images-dataset.s3.amazonaws.com/test/e6319f1376778a54.jpg,85bb8a868c3d70bf28578daa0817e1822b68dd837d3a0de433c11ac86f4a14a0,none
e0b6915b65394be1,BOTOL,train_e1,test,Matt Wunderle,"Just a finger, or maybe two",https://www.flickr.com/people/wunderle/,https://www.flickr.com/photos/wunderle/8335649485,https://creativecommons.org/licenses/by/2.0/,https://open-images-dataset.s3.amazonaws.com/test/e0b6915b65394be1.jpg,a2c2f13a8a1821764d1d9893527889c84f6b21102957d2e053d9be4bd331ab30,none
e1f4f889b7c26667,BOTOL,train_e1,test,Ashley Van Haeften,Bottle LACMA M.88.129.201,https://www.flickr.com/people/wikimediacommons/,https://www.flickr.com/photos/wikimediacommons/15776934414,https://creativecommons.org/licenses/by/2.0/,https://open-images-dataset.s3.amazonaws.com/test/e1f4f889b7c26667.jpg,d9d3f78e6d94ea97709d1f030bf06e9bb7a0a84a0bba8ad23f1dc50da28f6473,none
e501936a5ba491a9,BOTOL,train_e1,test,Exclusive Distribution,City,https://www.flickr.com/people/exclusive-distribution/,https://www.flickr.com/photos/exclusive-distribution/9451416700,https://creativecommons.org/licenses/by/2.0/,https://open-images-dataset.s3.amazonaws.com/test/e501936a5ba491a9.jpg,aa1686821837e0c8bfa85f91a642dd6d93359bbdaf2e9a906eaf8198b4b4954a,none
95dfd67c5a379231,BOTOL,train_e1,test,Mountain/ \Ash,Twisted Thistle IPA,https://www.flickr.com/people/mountainash/,https://www.flickr.com/photos/mountainash/4896670775/,https://creativecommons.org/licenses/by/2.0/,https://open-images-dataset.s3.amazonaws.com/test/95dfd67c5a379231.jpg,7359558591beb45006069ac5b7aa7ddd22a699145cd3749c80959a7ddeac2058,none
031244297d177089,BOTOL,train_e1,validation,snowpea&amp;bokchoi,Alcohol for the Bisque,https://www.flickr.com/people/bokchoi-snowpea/,https://www.flickr.com/photos/bokchoi-snowpea/4685520190,https://creativecommons.org/licenses/by/2.0/,https://open-images-dataset.s3.amazonaws.com/validation/031244297d177089.jpg,3e78412217c503a546aeb41d05f12886d48606914dd553bb6644297f1031f96e,none
bbaea2738d2943a9,BOTOL,train_e1,test,Victoria Ford,water,https://www.flickr.com/people/sneakshot/,https://www.flickr.com/photos/sneakshot/388617320/,https://creativecommons.org/licenses/by/2.0/,https://open-images-dataset.s3.amazonaws.com/test/bbaea2738d2943a9.jpg,8bdf87f0ea00cd6cb16e15207e14cfea2545a02012e25267913be961e9cc8712,none
39fb433297c958e1,BOTOL,train_e1,test,twitchery,Fanta Strawberry Soda,https://www.flickr.com/people/84369496@N00/,https://www.flickr.com/photos/84369496@N00/840661170,https://creativecommons.org/licenses/by/2.0/,https://open-images-dataset.s3.amazonaws.com/test/39fb433297c958e1.jpg,3c4c1d530f927cb8d3b3067719e9b4b6dfed9dae5a8d7adabcf056b75d87949c,none
084b363c71a7f958,BOTOL,train_e1,test,Karl Baron,Pixel water,https://www.flickr.com/people/kalleboo/,https://www.flickr.com/photos/kalleboo/8188573307,https://creativecommons.org/licenses/by/2.0/,https://open-images-dataset.s3.amazonaws.com/test/084b363c71a7f958.jpg,100c384321e31666b6eddd3420f164edc7c531bf2fee0afd7733140f62c93350,none
093f6863e99a8601,BOTOL,train_e1,test,L. Balois,SNL 027,https://www.flickr.com/people/44124421419@N01/,https://www.flickr.com/photos/44124421419@N01/264576948,https://creativecommons.org/licenses/by/2.0/,https://open-images-dataset.s3.amazonaws.com/test/093f6863e99a8601.jpg,72da887609b6718f29f2d89ca88b97a140814e7d835aec154b4f22dacbde24fc,none
d8858b8e577728de,BOTOL,train_e1,test,Libertic,redkid absolut data,https://www.flickr.com/people/libertic/,https://www.flickr.com/photos/libertic/4963014223,https://creativecommons.org/licenses/by/2.0/,https://open-images-dataset.s3.amazonaws.com/test/d8858b8e577728de.jpg,4c701cb42643896687a10f938cc0e75e0ae270fc4da872d77fcae4daf7c6e96f,none
8abdcea0613ddf9c,BOTOL,train_e1,test,Geoff Stearns,LacLac,https://www.flickr.com/people/tensafefrogs/,https://www.flickr.com/photos/tensafefrogs/3964576683,https://creativecommons.org/licenses/by/2.0/,https://open-images-dataset.s3.amazonaws.com/test/8abdcea0613ddf9c.jpg,18d1fa22933424986242f616a0dbe416e254ad6ff01e8bd0a2f3943be428cee2,none
7a4766280be1622e,BOTOL,train_e1,test,Derek Gavey,Red(Green) Breast,https://www.flickr.com/people/derekgavey/,https://www.flickr.com/photos/derekgavey/5256125261,https://creativecommons.org/licenses/by/2.0/,https://open-images-dataset.s3.amazonaws.com/test/7a4766280be1622e.jpg,6756b823aa35c4f440624fd1eb623cc314b87c577420cee04a5597d66a23740b,none
2667b07b9aee53e5,BOTOL,train_e1,validation,Crystal,Squid! Soap!,https://www.flickr.com/people/crystalflickr/,https://www.flickr.com/photos/10953991@N00/472738906,https://creativecommons.org/licenses/by/2.0/,https://open-images-dataset.s3.amazonaws.com/validation/2667b07b9aee53e5.jpg,69e7a0292383413320f6dd3afa41bb1a70b8a1ddb5c434680a8e20e6e17d03b4,none
dd42197939e82d8c,BOTOL,train_e1,validation,Fernando Shoiti Schatzmann,Mulheres de Expressão,https://www.flickr.com/people/fernandoshoiti/,https://www.flickr.com/photos/fernandoshoiti/2367425033,https://creativecommons.org/licenses/by/2.0/,https://open-images-dataset.s3.amazonaws.com/validation/dd42197939e82d8c.jpg,be326e2da3d6ba47b0afbacad6b552d1d6bca033080b647bf44deee687ab9bcd,none
69527747026688cb,BOTOL,validation,test,Tatsuo Yamashita,コーラ,https://www.flickr.com/people/yto/,https://www.flickr.com/photos/yto/9977526634,https://creativecommons.org/licenses/by/2.0/,https://open-images-dataset.s3.amazonaws.com/test/69527747026688cb.jpg,9e2d2b6ad2028fdb9fde7f6c653122c5372d651065f69073d3a56edf35503fd2,none
8be3c2ce1345f643,BOTOL,validation,test,Lisa Williams,Lemoncello,https://www.flickr.com/people/pixellou/,https://www.flickr.com/photos/pixellou/4561094275,https://creativecommons.org/licenses/by/2.0/,https://open-images-dataset.s3.amazonaws.com/test/8be3c2ce1345f643.jpg,e97be36997ef1bf973b7cdef9867b71b16531594029cff43be4e23d0ed436bb9,none
dbfd3450deea8b7a,BOTOL,validation,validation,Rafael Robles,Agua embotellada en Chequia,https://www.flickr.com/people/rafaelrobles/,https://www.flickr.com/photos/rafaelrobles/2861627647,https://creativecommons.org/licenses/by/2.0/,https://open-images-dataset.s3.amazonaws.com/validation/dbfd3450deea8b7a.jpg,cf3d268a06e7d2ab831fdbd7ecd25e925741a81d49a21f209fe3556c60c371e8,none
d973420311b00730,BOTOL,validation,validation,陳 ポーハン,ポラリスウェット　ION WATER,https://www.flickr.com/people/pohan-camera/,https://www.flickr.com/photos/pohan-camera/2738548270/,https://creativecommons.org/licenses/by/2.0/,https://open-images-dataset.s3.amazonaws.com/validation/d973420311b00730.jpg,eff4b5d2c6232012c5630824be247e9dd7d7dd58cf4a6f1504742d600d55cf28,none
a9829f4bf3a79dab,BOTOL,validation,test,Yvonne Esperanza,Got Gatorade?,https://www.flickr.com/people/yvonsita/,https://www.flickr.com/photos/yvonsita/5280871899,https://creativecommons.org/licenses/by/2.0/,https://open-images-dataset.s3.amazonaws.com/test/a9829f4bf3a79dab.jpg,1b90695cabac756db59e5923b444381b4659be51a4795e8efb60c44c6f7841f4,none
3717d537f6577676,BOTOL,validation,test,David Berkowitz,Question: is there any reason I want to smell like aromatic wood? cc @Marriott,https://www.flickr.com/people/davidberkowitz/,https://www.flickr.com/photos/davidberkowitz/15315432944,https://creativecommons.org/licenses/by/2.0/,https://open-images-dataset.s3.amazonaws.com/test/3717d537f6577676.jpg,2266c6fc2b20920374ddef0f86de972ceb3ff0a0424839802a186ad0b85cc8bc,none
b587ad8e440b4030,BOTOL,validation,test,Myrtle Beach TheDigitel,Bottled water,https://www.flickr.com/people/thedigitelmyr/,https://www.flickr.com/photos/thedigitelmyr/6972595593,https://creativecommons.org/licenses/by/2.0/,https://open-images-dataset.s3.amazonaws.com/test/b587ad8e440b4030.jpg,4bc120458b3ced169836316b8d207f4453bedb334d7062cf12c2b452212e762f,none
3b2ad72f79a67af1,BOTOL,validation,test,AngryJulieMonday,"If I have to drink water, I might as well drink it in a cute Hello Kitty USC water bottle.",https://www.flickr.com/people/angryjuliemonday/,https://www.flickr.com/photos/angryjuliemonday/8311364735,https://creativecommons.org/licenses/by/2.0/,https://open-images-dataset.s3.amazonaws.com/test/3b2ad72f79a67af1.jpg,b3ce8e5db1b55c8b0e01a578f3cbaf984b779a0dab017e8e82f330bf0c3ca995,none
83f0a63eedfdd68f,BOTOL,validation,test,Rebecca Siegel,Yogurt - Cow milk,https://www.flickr.com/people/grongar/,https://www.flickr.com/photos/grongar/5529448988,https://creativecommons.org/licenses/by/2.0/,https://open-images-dataset.s3.amazonaws.com/test/83f0a63eedfdd68f.jpg,5adda54a90239a8467ba45330b6f8b76fe590cde62ff96dc7da11079a2df1a73,none
9e9b988b8b08ce04,BOTOL,validation,test,Pablo Matamoros,DSCN6598,https://www.flickr.com/people/pmatamoros/,https://www.flickr.com/photos/pmatamoros/3475573222,https://creativecommons.org/licenses/by/2.0/,https://open-images-dataset.s3.amazonaws.com/test/9e9b988b8b08ce04.jpg,df33b58b362d384d63df272e626a87e635d14cd69247ed1681efd6c431520024,none
3f68d660d5fd07e5,BOTOL,test,validation,Jess Pac,Water bottle,https://www.flickr.com/people/7174132@N05/,https://www.flickr.com/photos/7174132@N05/3878609409,https://creativecommons.org/licenses/by/2.0/,https://open-images-dataset.s3.amazonaws.com/validation/3f68d660d5fd07e5.jpg,939d5ed0f6d4d1f84053df2e68e3d17ad391e2321aac3b691272a672efad2c97,none
a87da10a38581415,BOTOL,test,test,ozalee.fr,carafe-en-verre-taille-1422,https://www.flickr.com/people/92753474@N03/,https://www.flickr.com/photos/92753474@N03/8431615114,https://creativecommons.org/licenses/by/2.0/,https://open-images-dataset.s3.amazonaws.com/test/a87da10a38581415.jpg,ab03549570ffe149232ce70a1d5e2526910e168864ca6d5021e0b2906c8e0781,none
6983e3eb39126b38,BOTOL,test,test,Héctor Esteban Menéndez,STILL LIFE,https://www.flickr.com/people/mirwav/,https://www.flickr.com/photos/mirwav/6886886466,https://creativecommons.org/licenses/by/2.0/,https://open-images-dataset.s3.amazonaws.com/test/6983e3eb39126b38.jpg,997f3ce2604fc97043f43d68b0c40e790571b2df75fcd5ce5306fb38d850522b,none
565ef5f7dc87a8a3,BOTOL,test,test,Gavin Jones,The drink bottle to rule them all! Bring on healthy drinking!,https://www.flickr.com/people/-indievidual/,https://www.flickr.com/photos/-indievidual/19866332730,https://creativecommons.org/licenses/by/2.0/,https://open-images-dataset.s3.amazonaws.com/test/565ef5f7dc87a8a3.jpg,ab47e48dc7e0e6ff19c03c75ba53e207d2b09814de7926d4396e9126bceed086,none
758de2f0c9fda72a,BOTOL,test,test,Sean Naber,92742750 copy,https://www.flickr.com/people/seannaber/,https://www.flickr.com/photos/seannaber/3953232214,https://creativecommons.org/licenses/by/2.0/,https://open-images-dataset.s3.amazonaws.com/test/758de2f0c9fda72a.jpg,f57d8450db8f98d9f55817b6870481aa4b6ae8e33d62a49994df225c70478b19,none
d49c6e373e852c2b,BOTOL,test,test,maticulous,Sodium Hydroxide 6mol Corrosive Lab Chemicals,https://www.flickr.com/people/maticulous/,https://www.flickr.com/photos/maticulous/2461871448,https://creativecommons.org/licenses/by/2.0/,https://open-images-dataset.s3.amazonaws.com/test/d49c6e373e852c2b.jpg,08e2c0b08908f60883d78a7e78ae6d970d3cc9ab373510df8c5ce102299b8673,none
c91def7b8d6adfda,BOTOL,test,test,rawdonfox,Manns Brown Ale .,https://www.flickr.com/people/34739556@N04/,https://www.flickr.com/photos/34739556@N04/6744627879,https://creativecommons.org/licenses/by/2.0/,https://open-images-dataset.s3.amazonaws.com/test/c91def7b8d6adfda.jpg,c7828eec0a9c4e7f2d7014724fe41ecdab21f489bf2c6cfaafe725d1b09a358f,none
a9b128063150b294,BOTOL,test,test,OpenUpEd,Sweet smart water from NOUN,https://www.flickr.com/people/126887487@N04/,https://www.flickr.com/photos/126887487@N04/15006422798,https://creativecommons.org/licenses/by/2.0/,https://open-images-dataset.s3.amazonaws.com/test/a9b128063150b294.jpg,fd8b22e5ec4c200f4a805686f396e636d61167f8e4e4bbcaf0815a187864027e,none
049d99faa622b032,BOTOL,test,test,Ali from Riyadh : ),الماء الصغيرة,https://www.flickr.com/people/rainsong/,https://www.flickr.com/photos/rainsong/9321658279,https://creativecommons.org/licenses/by/2.0/,https://open-images-dataset.s3.amazonaws.com/test/049d99faa622b032.jpg,0bae3771e59900b8c5781aaf5df226525d7473c6f4b4c5f2a39d619035ebb096,none
34ca3219d7b67f16,BOTOL,test,validation,Jamie,"Vintage Ad #1,260: I'll be home for Chivas",https://www.flickr.com/people/jbcurio/,https://www.flickr.com/photos/jbcurio/5221672980,https://creativecommons.org/licenses/by/2.0/,https://open-images-dataset.s3.amazonaws.com/validation/34ca3219d7b67f16.jpg,11100aed2216afc2368968250c7fe387fba974ba939cea206702f1bdc887e520,none
27d7d2c93503d6bb,TELEFON,train_e1,test,Carolyn Coles,"Sneak peek of the #leadershipconf app! @lululemon managers, some serious app fun awaits!",https://www.flickr.com/people/carolyncoles/,https://www.flickr.com/photos/carolyncoles/7651485164,https://creativecommons.org/licenses/by/2.0/,https://open-images-dataset.s3.amazonaws.com/test/27d7d2c93503d6bb.jpg,3f9da20d4b5e0750139ccc328295d36ac78445f35c9660acbe628d41d4d2b9e2,none
ab61a8845a28193b,TELEFON,train_e1,test,Convergència Democràtica de Catalunya,web de CiU als mòbils,https://www.flickr.com/people/convergenciademocratica/,https://www.flickr.com/photos/convergenciademocratica/4157165195,https://creativecommons.org/licenses/by/2.0/,https://open-images-dataset.s3.amazonaws.com/test/ab61a8845a28193b.jpg,219e7e3178a4fc491c05fc3cd57d53146198f6161fc7d177ae51d6d64d499719,none
f0ceec0f7b41d328,TELEFON,train_e1,test,Nick Hubbard,Blackberry - Locked up,https://www.flickr.com/people/nickhubbard/,https://www.flickr.com/photos/nickhubbard/3409823085,https://creativecommons.org/licenses/by/2.0/,https://open-images-dataset.s3.amazonaws.com/test/f0ceec0f7b41d328.jpg,bd815085efcd9cf85309102accc3a77d4033c21c541e6abb5de9f2ad263236b8,none
b59436505aa102e8,TELEFON,train_e1,validation,whatleydude,Shiny New Things: The E75,https://www.flickr.com/people/whatleydude/,https://www.flickr.com/photos/whatleydude/3352759027,https://creativecommons.org/licenses/by/2.0/,https://open-images-dataset.s3.amazonaws.com/validation/b59436505aa102e8.jpg,ebaac7b37e83445d434fa4610a2055b7dd3777e8b678c61122231544581a27d6,none
228697d0834e5022,TELEFON,train_e1,test,porcupiny,P1020350,https://www.flickr.com/people/porcupiny/,https://www.flickr.com/photos/porcupiny/4522178391,https://creativecommons.org/licenses/by/2.0/,https://open-images-dataset.s3.amazonaws.com/test/228697d0834e5022.jpg,6bdabb5d9f56669fa15eb48dc75770bbe03c84520fe85c0843f519f557122292,none
1e3224976bce8a49,TELEFON,train_e1,test,mLab Southern Africa,DSC_0776,https://www.flickr.com/people/mlabsa/,https://www.flickr.com/photos/mlabsa/7995526572,https://creativecommons.org/licenses/by/2.0/,https://open-images-dataset.s3.amazonaws.com/test/1e3224976bce8a49.jpg,e14ba1d2923abdc782c96b124f625868fc51307ded7fbf28d3093b40f4c486f6,none
2beba8b85f7dcc4e,TELEFON,train_e1,test,EvelynGiggles,myTouch,https://www.flickr.com/people/evelynishere/,https://www.flickr.com/photos/evelynishere/5322345601,https://creativecommons.org/licenses/by/2.0/,https://open-images-dataset.s3.amazonaws.com/test/2beba8b85f7dcc4e.jpg,1b2976021170164eb884305be32c7ca5aa1c1214286d5c45f4c427b599c70a88,none
5b083054dc4666d7,TELEFON,train_e1,test,Karla Vanessa Redor,HTC ChaCha,https://www.flickr.com/people/karlaredor/,https://www.flickr.com/photos/karlaredor/5449449127,https://creativecommons.org/licenses/by/2.0/,https://open-images-dataset.s3.amazonaws.com/test/5b083054dc4666d7.jpg,1bee3b83add31c3b0c2d364e895762984cf9675e986e557b51cc89bc4c32aa06,none
632a4aaa0bd35a29,TELEFON,train_e1,test,Joe King,Nokia E62,https://www.flickr.com/people/jking89/,https://www.flickr.com/photos/jking89/3217086172,https://creativecommons.org/licenses/by/2.0/,https://open-images-dataset.s3.amazonaws.com/test/632a4aaa0bd35a29.jpg,1db804c5171238deb2cf2e679c2804bdb8086e6e63bfc63dd9580383b450d23d,none
2f441d1f99d1b54f,TELEFON,train_e1,test,Mathieu Plourde,Kindle Fire,https://www.flickr.com/people/mathplourde/,https://www.flickr.com/photos/mathplourde/6378062893,https://creativecommons.org/licenses/by/2.0/,https://open-images-dataset.s3.amazonaws.com/test/2f441d1f99d1b54f.jpg,757c3680196f0c9f08a3636c807d4f45313b1c3982525bd27685da8a91ac1901,none
9f843e16cd2957d0,TELEFON,train_e1,test,Gabriel Serafini,Treo 700p,https://www.flickr.com/people/gserafini/,https://www.flickr.com/photos/gserafini/424808420,https://creativecommons.org/licenses/by/2.0/,https://open-images-dataset.s3.amazonaws.com/test/9f843e16cd2957d0.jpg,3dec288ab6cf923bad2964c169c4488cd96daedbaf23d2a25e43f30d0fa99a9f,none
86760f63da399e07,TELEFON,train_e1,validation,Marc Lacoste,Nokia E61 castré,https://www.flickr.com/people/croco/,https://www.flickr.com/photos/croco/286956913,https://creativecommons.org/licenses/by/2.0/,https://open-images-dataset.s3.amazonaws.com/validation/86760f63da399e07.jpg,0f0feeb5351412c9da91d721b382af14b2d4fc9d6a948fd13f6d17d21ca9d727,none
609a400cf7d13377,TELEFON,train_e1,test,Albert Dedden &amp; Paul Keizer,IMG_8074,https://www.flickr.com/people/deddenkeizer/,https://www.flickr.com/photos/deddenkeizer/15528176093/,https://creativecommons.org/licenses/by/2.0/,https://open-images-dataset.s3.amazonaws.com/test/609a400cf7d13377.jpg,88b25037541a75d0cda0940af7cbbfd617bfb97f21e3b19fb790a1f19b36088e,none
99fdf15d7aaa1c15,TELEFON,train_e1,test,Nonprofit Organizations,Safehouse Progressive Alliance for Nonviolence,https://www.flickr.com/people/nonprofitorgs/,https://www.flickr.com/photos/nonprofitorgs/5349267806,https://creativecommons.org/licenses/by/2.0/,https://open-images-dataset.s3.amazonaws.com/test/99fdf15d7aaa1c15.jpg,f08fccc23a3dbe2ff831a15f90866403dbc73a887622fe41f192223eeafbda0f,none
fdebb21ab3e1af71,TELEFON,train_e1,test,Adrian F,Bucketphone Detail,https://www.flickr.com/people/adrianfurby/,https://www.flickr.com/photos/adrianfurby/88548622,https://creativecommons.org/licenses/by/2.0/,https://open-images-dataset.s3.amazonaws.com/test/fdebb21ab3e1af71.jpg,d05683fdcc3e766599acd71ef283824588dde61a08f49728afa081217445a66f,none
183025437834c0e0,TELEFON,train_e1,validation,Christine und Hagen Graf,Nokia 2110i,https://www.flickr.com/people/hagengraf/,https://www.flickr.com/photos/hagengraf/4412936429,https://creativecommons.org/licenses/by/2.0/,https://open-images-dataset.s3.amazonaws.com/validation/183025437834c0e0.jpg,acca50741625f6f51ae5c891d083e1427e4af6218c07a6d5073e73e93b1ffc78,none
9e98e26668bd22a5,TELEFON,train_e1,validation,Micky Aldridge,Ovi Store &quot;My Stuff&quot; Nokia X3-02 Touch & Type,https://www.flickr.com/people/gsi-r/,https://www.flickr.com/photos/gsi-r/5062182538,https://creativecommons.org/licenses/by/2.0/,https://open-images-dataset.s3.amazonaws.com/validation/9e98e26668bd22a5.jpg,c305f379ad492ac27ff9c2cef27571c8b813ce2e248a9255a08f0f3acefd7d6e,none
c5f2ec4c36aa19ed,TELEFON,train_e1,test,Vegetando,Aplicativo de visualização de fotos,https://www.flickr.com/people/vegetando/,https://www.flickr.com/photos/vegetando/5367139410,https://creativecommons.org/licenses/by/2.0/,https://open-images-dataset.s3.amazonaws.com/test/c5f2ec4c36aa19ed.jpg,c89d02f034f08129a1a2e6bee8ceeb53ca1b5482706a9f9b3269752fb55ea1f6,none
6ab55d63ac6708e2,TELEFON,train_e1,validation,Glenn Fleishman,Nokia T610,https://www.flickr.com/people/glennf/,https://www.flickr.com/photos/glennf/3672231175,https://creativecommons.org/licenses/by/2.0/,https://open-images-dataset.s3.amazonaws.com/validation/6ab55d63ac6708e2.jpg,2d25af2364a8fae4e71ecac7f07d6cf5e1f00d4fe6871b8d19e11613df4c26a1,none
2c5ca1adb9f4333c,TELEFON,train_e1,validation,Mike Lee,iPhone 3gs pixel accurate blank screen,https://www.flickr.com/people/curiouslee/,https://www.flickr.com/photos/curiouslee/4307951004,https://creativecommons.org/licenses/by/2.0/,https://open-images-dataset.s3.amazonaws.com/validation/2c5ca1adb9f4333c.jpg,bfb1a8fbef93a8de34d307d326ef0ca5555f365ec3841279a29fce24c4058d5b,none
2286513b5103fafe,TELEFON,train_e1,test,Robert Nelson,"7 inch Samsung Galaxy Tab, a deal I could not pass up (and I love it).",https://www.flickr.com/people/robertnelson/,https://www.flickr.com/photos/robertnelson/5765720004,https://creativecommons.org/licenses/by/2.0/,https://open-images-dataset.s3.amazonaws.com/test/2286513b5103fafe.jpg,c92d4c40ecaff03a83fa71e9a11e8e07ccd2c92d946027d58a01494656da5915,none
4263315dedbc41ed,TELEFON,train_e1,test,Prem Sichanugrist,My iPhone,https://www.flickr.com/people/sikachu/,https://www.flickr.com/photos/sikachu/4783058457,https://creativecommons.org/licenses/by/2.0/,https://open-images-dataset.s3.amazonaws.com/test/4263315dedbc41ed.jpg,a79749d92f145ccd4a3aa5bcea7b9cc2a4a28fbeac7c4a52a4d1a03539a7b40c,none
8d7fdbe0a3ad74dd,TELEFON,train_e1,test,Steven Depolo,"Palm Centro Verizon Cell Phone February 17, 20111",https://www.flickr.com/people/stevendepolo/,https://www.flickr.com/photos/stevendepolo/5460676462,https://creativecommons.org/licenses/by/2.0/,https://open-images-dataset.s3.amazonaws.com/test/8d7fdbe0a3ad74dd.jpg,b640724b3268d2031a8df9ced4c72f412292d9f5fe32d08b8dc900c18f206cc5,none
315a4c77b8fdd4b3,TELEFON,train_e1,test,wizardjournal,samsung galaxy siii smartphone,https://www.flickr.com/people/85799360@N06/,https://www.flickr.com/photos/85799360@N06/7906053642,https://creativecommons.org/licenses/by/2.0/,https://open-images-dataset.s3.amazonaws.com/test/315a4c77b8fdd4b3.jpg,6d5d9a651ddcf9aebe962a432873e2ef38727fb4360b84c6cc83fe56111895a7,none
d8d9255daf10f1be,TELEFON,train_e1,test,SOCIALisBETTER,Cool Blog Sociale - 3 July 2008 - Rotary phone interface for iPhone,https://www.flickr.com/people/27620885@N02/,https://www.flickr.com/photos/27620885@N02/2633810608,https://creativecommons.org/licenses/by/2.0/,https://open-images-dataset.s3.amazonaws.com/test/d8d9255daf10f1be.jpg,7d1028e8606be186a8f3c98d484844b7ebe6a4bc1b17f751eba2abd5ad00ed5b,none
de6bf0632ba318a2,TELEFON,train_e1,test,Trulia,Trulia iPhone Map,https://www.flickr.com/people/truliavisuals/,https://www.flickr.com/photos/truliavisuals/5143183426,https://creativecommons.org/licenses/by/2.0/,https://open-images-dataset.s3.amazonaws.com/test/de6bf0632ba318a2.jpg,2d3f72958fa9518f793dfecc62535b744db91ae6aee8e2ca8d1fb72209b0de0c,none
ab4abe4e11fd5c5a,TELEFON,train_e1,test,David Jackmanson,Mobile Phone,https://www.flickr.com/people/djackmanson/,https://www.flickr.com/photos/djackmanson/377963859,https://creativecommons.org/licenses/by/2.0/,https://open-images-dataset.s3.amazonaws.com/test/ab4abe4e11fd5c5a.jpg,f430a7ec7fd712bf787931f964e06d89db551f4308307a3e80b07b6424a9ae21,none
5a010c1bb4062043,TELEFON,train_e1,test,E-Plus Gruppe Fotostream,Gamescom 2012 - 8,https://www.flickr.com/people/eplus-gruppe/,https://www.flickr.com/photos/eplus-gruppe/7843418518,https://creativecommons.org/licenses/by/2.0/,https://open-images-dataset.s3.amazonaws.com/test/5a010c1bb4062043.jpg,d910919a003a0691d503618c45a7cebe96d33f9f8beb093c3d273c8be26a1d27,none
469a96c83790b348,TELEFON,train_e1,test,Randolf Jorberg,"Apple iPhone 4 Schwarz Homescreen, Frontansicht",https://www.flickr.com/people/3gstore/,https://www.flickr.com/photos/3gstore/4745546798,https://creativecommons.org/licenses/by/2.0/,https://open-images-dataset.s3.amazonaws.com/test/469a96c83790b348.jpg,9d764966c43193bc314998baa573eeb1e81272dd7eb7be0d057a473a5a9028c0,none
7c43ef31c9d93b74,TELEFON,train_e1,test,Flavio Ensiki,nokia n95,https://www.flickr.com/people/flavouz/,https://www.flickr.com/photos/flavouz/763775924,https://creativecommons.org/licenses/by/2.0/,https://open-images-dataset.s3.amazonaws.com/test/7c43ef31c9d93b74.jpg,5a5adef61db7a60a5ff42ad41001fee0919b335433ae94dea4b7e054802059b9,none
183ccb43204c3426,TELEFON,train_e1,test,Kaushik Narasimhan,Palm Centro,https://www.flickr.com/people/kaushiknarasimhan/,https://www.flickr.com/photos/kaushiknarasimhan/4505015287,https://creativecommons.org/licenses/by/2.0/,https://open-images-dataset.s3.amazonaws.com/test/183ccb43204c3426.jpg,c3719f1d51489fcdd4254ae5309d23fd70d9bee654869c10fc421468c119bb39,none
2cfe61eefcb8c9a1,TELEFON,train_e1,test,Reggie Suplido,Nokia N950 - front,https://www.flickr.com/people/78178692@N00/,https://www.flickr.com/photos/78178692@N00/6030875432,https://creativecommons.org/licenses/by/2.0/,https://open-images-dataset.s3.amazonaws.com/test/2cfe61eefcb8c9a1.jpg,0dba75173e463c1c1feb60015da0d14bc16523471e68d23f29a72b03980d2b5f,none
811d22446cc088f0,TELEFON,train_e1,test,ArtistIvanChew,12102009014,https://www.flickr.com/people/ramblinglibrarian/,https://www.flickr.com/photos/ramblinglibrarian/2933721610,https://creativecommons.org/licenses/by/2.0/,https://open-images-dataset.s3.amazonaws.com/test/811d22446cc088f0.jpg,fb976dc1680abfb22e19cf888d487630ed0c4b28cd8e61070ad3fd53c9f6ab57,none
ff268af4ee82213d,TELEFON,train_e1,test,Andrew Magill,New phone,https://www.flickr.com/people/amagill/,https://www.flickr.com/photos/amagill/1886281344,https://creativecommons.org/licenses/by/2.0/,https://open-images-dataset.s3.amazonaws.com/test/ff268af4ee82213d.jpg,c83222089777e84269680a96e480d89e9e97241c0f74c77bdd7c19c58e943a18,none
a644c4c46d7c0b0f,TELEFON,train_e1,test,Justin Brockie,Verizon/Motorola Droid,https://www.flickr.com/people/justinstravels/,https://www.flickr.com/photos/justinstravels/4082192766,https://creativecommons.org/licenses/by/2.0/,https://open-images-dataset.s3.amazonaws.com/test/a644c4c46d7c0b0f.jpg,73677ab42ab13b2e77eba5d7aefac66bc08a0245a3a773bda04014105540d95b,none
47c7dbe9da3c8c87,TELEFON,train_e1,test,Mark,momentarily free,https://www.flickr.com/people/eggrole/,https://www.flickr.com/photos/eggrole/5635545877,https://creativecommons.org/licenses/by/2.0/,https://open-images-dataset.s3.amazonaws.com/test/47c7dbe9da3c8c87.jpg,fc99fcf44711e565ebd38bdc35b64c045973dea931f3b1740df0375060ef4981,none
58ec15861046ef4b,TELEFON,train_e1,test,Didiom,Didiom on BlackBerry Bold,https://www.flickr.com/people/didiom/,https://www.flickr.com/photos/didiom/2901590505/,https://creativecommons.org/licenses/by/2.0/,https://open-images-dataset.s3.amazonaws.com/test/58ec15861046ef4b.jpg,b1e8644d075058e7737ba4db523401f1246b80c5480165e1dac70de33596165a,none
a8deac0eaefcb2c4,TELEFON,train_e1,test,Fabio Ingrosso,"Applicazione iPhone sui vini del Piemonte, Schermata 2009-11-26 a 15.40.33",https://www.flickr.com/people/vinofamily/,https://www.flickr.com/photos/vinofamily/4187496752,https://creativecommons.org/licenses/by/2.0/,https://open-images-dataset.s3.amazonaws.com/test/a8deac0eaefcb2c4.jpg,5d0c71827319bae89a2d837b5dc3809c99b3d0f8ac4ff10a3700b364c173b2f7,none
89fd8f27a5c883a6,TELEFON,train_e1,test,Stefano Brivio,LG KG320S,https://www.flickr.com/people/buggolo/,https://www.flickr.com/photos/buggolo/289454747,https://creativecommons.org/licenses/by/2.0/,https://open-images-dataset.s3.amazonaws.com/test/89fd8f27a5c883a6.jpg,f0d9a4c53334cc1d473450453b9ab8d319cb4adb8e7bc9d17646b473c1d561de,none
b5ddf87dc57c6301,TELEFON,train_e1,validation,homard.net,Homard iPhone,https://www.flickr.com/people/homard/,https://www.flickr.com/photos/homard/3833917648,https://creativecommons.org/licenses/by/2.0/,https://open-images-dataset.s3.amazonaws.com/validation/b5ddf87dc57c6301.jpg,732d58970326d055609e8bb8de89b6973a524557ff0046e5628f858b24d91cbf,none
8b7fee1942ea8849,TELEFON,train_e1,validation,techcloudgr,Motorola Milestone,https://www.flickr.com/people/techcloudgr/,https://www.flickr.com/photos/techcloudgr/4553694405,https://creativecommons.org/licenses/by/2.0/,https://open-images-dataset.s3.amazonaws.com/validation/8b7fee1942ea8849.jpg,4304a9326d235472f83900eaef22f07079efb4108423b8412d07a0d3f19ad250,none
f000f24edf8239de,TELEFON,train_e1,test,Federico Picone,Nokia N97 con Guitar Rock Tour,https://www.flickr.com/people/fpicone/,https://www.flickr.com/photos/fpicone/3842614329,https://creativecommons.org/licenses/by/2.0/,https://open-images-dataset.s3.amazonaws.com/test/f000f24edf8239de.jpg,51990e495ab5c6ad9490093cdc2c57af2635f34ddcdda5182d47a10a0faeec96,none
b30d5bad3b9183c4,TELEFON,train_e1,test,Vernon Chan,GALAXY_S_III_Product_Image__8__W_gallery_post,https://www.flickr.com/people/vernieman/,https://www.flickr.com/photos/vernieman/7139613405,https://creativecommons.org/licenses/by/2.0/,https://open-images-dataset.s3.amazonaws.com/test/b30d5bad3b9183c4.jpg,00d04f742c1e1e3ce0821d693347cee4537534452991550ec40695b8d4b38358,none
520857df31cd59ee,TELEFON,train_e1,test,Michael Coté,Untitled,https://www.flickr.com/people/cote/,https://www.flickr.com/photos/cote/4813049705,https://creativecommons.org/licenses/by/2.0/,https://open-images-dataset.s3.amazonaws.com/test/520857df31cd59ee.jpg,3a043c584dd72652bcff390c5877eb2a702d6607edb591e37fe839f9839d692f,none
65660b64efe6da8e,TELEFON,train_e1,test,Craighton Miller,The iPhone 5c looks ugly in its case because of the text showing through,https://www.flickr.com/people/craightonmiller/,https://www.flickr.com/photos/craightonmiller/9843662434,https://creativecommons.org/licenses/by/2.0/,https://open-images-dataset.s3.amazonaws.com/test/65660b64efe6da8e.jpg,42ed6234dab13e09d331c4bd0e224504b2219524ce426b2d8167e464f4b0cb39,none
b5e26070ec5d1b6f,TELEFON,train_e1,test,jnyemb,Inspiration Week (1/7),https://www.flickr.com/people/jnyemb/,https://www.flickr.com/photos/jnyemb/4742365804,https://creativecommons.org/licenses/by/2.0/,https://open-images-dataset.s3.amazonaws.com/test/b5e26070ec5d1b6f.jpg,e4e21401c0b85a18d05d7eb2b6f2ad4876a7a23af5b7b32e2df499b511b75df5,none
a9d2027376e1dc59,TELEFON,train_e1,test,mijabi,IMG_0253,https://www.flickr.com/people/mijabi/,https://www.flickr.com/photos/mijabi/3507165342,https://creativecommons.org/licenses/by/2.0/,https://open-images-dataset.s3.amazonaws.com/test/a9d2027376e1dc59.jpg,57fbedc1a2beafc4f870691e00b3b20a81fab94099156342dabc530cbfa3a85c,none
0192deb7b7fade4c,TELEFON,train_e1,test,mxmstryo,R0013193,https://www.flickr.com/people/mxmstryo/,https://www.flickr.com/photos/mxmstryo/3143839096,https://creativecommons.org/licenses/by/2.0/,https://open-images-dataset.s3.amazonaws.com/test/0192deb7b7fade4c.jpg,71ebb928190a63f5ed88575f5575cb6e0c18937fb93c600809f0ab199506293b,none
d167380885e55e53,TELEFON,train_e1,test,India7 Network,Spice M-5396,https://www.flickr.com/people/india_7/,https://www.flickr.com/photos/india_7/12891322215,https://creativecommons.org/licenses/by/2.0/,https://open-images-dataset.s3.amazonaws.com/test/d167380885e55e53.jpg,43140d1e99b1fd1efa41328aba8f172ab214eeb71be51b4ed88966ba3524ee26,none
821ef4fb4ecc71cf,TELEFON,train_e1,validation,Enrique Dans,BlackBerry Z10,https://www.flickr.com/people/edans/,https://www.flickr.com/photos/edans/8430496082,https://creativecommons.org/licenses/by/2.0/,https://open-images-dataset.s3.amazonaws.com/validation/821ef4fb4ecc71cf.jpg,6a6546ab02a8435a2f896bf3efdf5fcb4a27b219080dbd3507a44280a7adeb41,none
04e9f42b51f842aa,TELEFON,validation,test,IK&#x27;s World Trip,280320113947,https://www.flickr.com/people/ikkoskinen/,https://www.flickr.com/photos/ikkoskinen/5567660959,https://creativecommons.org/licenses/by/2.0/,https://open-images-dataset.s3.amazonaws.com/test/04e9f42b51f842aa.jpg,cacce4cc907cedb9182e0a55ee1e08c61bdffc25a900d36fb92cd2390e0a656c,none
6d697cd74387131d,TELEFON,validation,test,Thomas van de Weerd,Weer,https://www.flickr.com/people/thms/,https://www.flickr.com/photos/thms/2912142876,https://creativecommons.org/licenses/by/2.0/,https://open-images-dataset.s3.amazonaws.com/test/6d697cd74387131d.jpg,ba6776ba2f00e51ce469452b27fb430f3a9e1c23171803306f59b0c861532f04,none
5a2a0152b75adfac,TELEFON,validation,test,Kentucky National Guard Public Affairs Office,purple dot phones,https://www.flickr.com/people/kyngpao/,https://www.flickr.com/photos/kyngpao/9488589851,https://creativecommons.org/licenses/by/2.0/,https://open-images-dataset.s3.amazonaws.com/test/5a2a0152b75adfac.jpg,c516de3ab479b817eab1442967769eb7a3fc039ac5140474b5eaa672b76e81d4,none
7543976ee7adc89d,TELEFON,validation,test,Yortw,Day Thirty Seven - HTC HD 7 (Windows Phone 7),https://www.flickr.com/people/yortw/,https://www.flickr.com/photos/yortw/5433068556,https://creativecommons.org/licenses/by/2.0/,https://open-images-dataset.s3.amazonaws.com/test/7543976ee7adc89d.jpg,de9b7388bf92b8975636563eaced6ef1c4451d2436e56ca3fe4df3783209cecd,none
c6d3d9c35583ec45,TELEFON,validation,test,leighklotz,"Self-Portrait, Yuki",https://www.flickr.com/people/leighklotz/,https://www.flickr.com/photos/leighklotz/16621972999,https://creativecommons.org/licenses/by/2.0/,https://open-images-dataset.s3.amazonaws.com/test/c6d3d9c35583ec45.jpg,8aaac28411f27bc4be296bf5659ef2b23bddc3db6cbf4d2ecb97e4d1abfc481d,none
5185966a8046f472,TELEFON,validation,validation,MAC NOTES,Apple iPhone 3G frontal,https://www.flickr.com/people/macnotes/,https://www.flickr.com/photos/macnotes/3239929614,https://creativecommons.org/licenses/by/2.0/,https://open-images-dataset.s3.amazonaws.com/validation/5185966a8046f472.jpg,cf3c405337bea0b51f61c1fa73956a943bf9717331bbb2dcb1b76ae4e63c0d42,none
8395baf7e9317f0a,TELEFON,validation,test,Jason Rogers,Android 2.3.7 gingerbread on HTC Hero ( T-Mobile G2 Touch ),https://www.flickr.com/people/restlessglobetrotter/,https://www.flickr.com/photos/restlessglobetrotter/6294297611,https://creativecommons.org/licenses/by/2.0/,https://open-images-dataset.s3.amazonaws.com/test/8395baf7e9317f0a.jpg,8657d788394049070d90cb37c36b2b8b9d2bf98d3d0de2d257b7eee2814648d0,none
2c79c6e855e43a45,TELEFON,validation,validation,Ricardo Bernardo,LG GW620,https://www.flickr.com/people/zone41/,https://www.flickr.com/photos/zone41/4775282225,https://creativecommons.org/licenses/by/2.0/,https://open-images-dataset.s3.amazonaws.com/validation/2c79c6e855e43a45.jpg,ebdd20334a928f0370fe23490f0e92cff4d02f45753f264ff6020a1d7ca47097,none
237d2d432094e2b0,TELEFON,validation,test,Alessandro M.,Se fossi un nerd...,https://www.flickr.com/people/7829129@N08/,https://www.flickr.com/photos/7829129@N08/3196088183,https://creativecommons.org/licenses/by/2.0/,https://open-images-dataset.s3.amazonaws.com/test/237d2d432094e2b0.jpg,d61348652f02cd4428bd1ae89fa6243e9e218495603cf6a70c5ca0de7f7962c5,none
5284c490cc7320af,TELEFON,validation,test,Ian Dick,k800i.jpg,https://www.flickr.com/people/ian_d/,https://www.flickr.com/photos/ian_d/220924927,https://creativecommons.org/licenses/by/2.0/,https://open-images-dataset.s3.amazonaws.com/test/5284c490cc7320af.jpg,f8ac4cf993fa0ce8e861bb7dff230efb607dea90ce3a73aa36dbd6ed09642324,none
b9424a71851afd68,TELEFON,test,test,Keith Tyler,nokia6261i,https://www.flickr.com/people/romulusnr/,https://www.flickr.com/photos/romulusnr/192046643,https://creativecommons.org/licenses/by/2.0/,https://open-images-dataset.s3.amazonaws.com/test/b9424a71851afd68.jpg,d58a8a08211adbc96daf040af9c8778ee23ce8321ea11aee9ce33742a7c0afa5,none
eb4f949fde4a9cd9,TELEFON,test,test,Nori Norisa,そしてようやくクソスマホとさよなら,https://www.flickr.com/people/norisa/,https://www.flickr.com/photos/norisa/15317145603,https://creativecommons.org/licenses/by/2.0/,https://open-images-dataset.s3.amazonaws.com/test/eb4f949fde4a9cd9.jpg,723354030bf931c29b7c028b914f7b203cc39c2fd175645478b91684edc7787e,none
6abb8ddf5bd0ac6d,TELEFON,test,test,Gaurav Mishra,Nokia E71 Smartphone,https://www.flickr.com/people/gauravonomics/,https://www.flickr.com/photos/gauravonomics/2679337312,https://creativecommons.org/licenses/by/2.0/,https://open-images-dataset.s3.amazonaws.com/test/6abb8ddf5bd0ac6d.jpg,74492dab7b10d69be0841f98a2f7fd3a38656b51beffb022d1ecd2a9de22d287,none
523efe6596b42859,TELEFON,test,test,Clyde Robinson,Sectera-Edge (The New BarackBerry),https://www.flickr.com/people/crobj/,https://www.flickr.com/photos/crobj/3218494184,https://creativecommons.org/licenses/by/2.0/,https://open-images-dataset.s3.amazonaws.com/test/523efe6596b42859.jpg,92ef858b0bf1acce01fe1c3c177fe64141c1393008398a3b27862749473512fe,none
a0a856528c99b22f,TELEFON,test,validation,Keng Susumpow,An Awesomeness of Android,https://www.flickr.com/people/kengz/,https://www.flickr.com/photos/kengz/4743175885,https://creativecommons.org/licenses/by/2.0/,https://open-images-dataset.s3.amazonaws.com/validation/a0a856528c99b22f.jpg,9799ae2d015526d6a6b07404571484f8741247a1efe727e8c16439e0867dbf0f,none
6bf467287bbb6e8b,TELEFON,test,validation,Charm2010,Safari on iPhone 3G,https://www.flickr.com/people/46326024@N06/,https://www.flickr.com/photos/46326024@N06/4254007709,https://creativecommons.org/licenses/by/2.0/,https://open-images-dataset.s3.amazonaws.com/validation/6bf467287bbb6e8b.jpg,837d8820854777f2c11095c83e86f630bb72e4c5e6b7e835e42b7628b7802b76,none
d0824763a3292fdd,TELEFON,test,validation,benyupp,id_iphone,https://www.flickr.com/people/36890792@N08/,https://www.flickr.com/photos/36890792@N08/3715513103,https://creativecommons.org/licenses/by/2.0/,https://open-images-dataset.s3.amazonaws.com/validation/d0824763a3292fdd.jpg,2805129e6a0ea04ec4281e7a09407cba90c4f568afa2e07e73fa9f0dd7956d07,none
1fb15f9efe2542df,TELEFON,test,test,Paul Wilkinson,Hootsuite on Android mobile phone,https://www.flickr.com/people/eepaul/,https://www.flickr.com/photos/eepaul/6874399306,https://creativecommons.org/licenses/by/2.0/,https://open-images-dataset.s3.amazonaws.com/test/1fb15f9efe2542df.jpg,08919d776f2aeceed998c2c9304296df218c5d6d578a71b9c69a88937ffc5ea1,none
1893009e751e6d21,TELEFON,test,validation,"@gletham GIS, Social, Mobile Tech Images",Nokia N8 side view,https://www.flickr.com/people/gisuser/,https://www.flickr.com/photos/gisuser/5344529655/,https://creativecommons.org/licenses/by/2.0/,https://open-images-dataset.s3.amazonaws.com/validation/1893009e751e6d21.jpg,61154b6d9cfd476b947b0e73220797ddb733b15042fa797d9635c98e3ddaed3d,none
19e4a68a0aec2211,TELEFON,test,test,Will Bostwick,IPhoneWallpaper,https://www.flickr.com/people/thestanding/,https://www.flickr.com/photos/thestanding/5030191973,https://creativecommons.org/licenses/by/2.0/,https://open-images-dataset.s3.amazonaws.com/test/19e4a68a0aec2211.jpg,d55dcd8b7b58677936a8f98cc96795beed0af2564c647b520338d96de1f3c65a,none
